<beans xmlns="http://www.springframework.org/schema/beans"
	xmlns:xsi="http://www.w3.org/2001/XMLSchema-instance" xmlns:context="http://www.springframework.org/schema/context"
	xsi:schemaLocation="http://www.springframework.org/schema/beans
    http://www.springframework.org/schema/beans/spring-beans-3.0.xsd
    http://www.springframework.org/schema/context
    http://www.springframework.org/schema/context/spring-context-3.0.xsd">
	<context:annotation-config></context:annotation-config>
	<bean class="Employee" id="e">
		<constructor-arg name="id" value="001"></constructor-arg>
		<constructor-arg name="name" value="nifas"></constructor-arg>
		<constructor-arg name="sal" value="100000"></constructor-arg>

	</bean>

	<bean class="Address" id="e1">
		<constructor-arg  value="101"></constructor-arg>
		<constructor-arg value="gandhi park"></constructor-arg>
		<constructor-arg value="coimbatore"></constructor-arg>

	</bean>

</beans>